Workbook

Sheet Что запрашиваем
A1: Данные для пилота Middle Corridor Status: что запрашиваем у экспедитора
A2: Главное — события в узлах с точным временем. GPS не обязателен: положение между узлами мы считаем по расписанию. Имена клиентов, ставки и стоимость груза НЕ нужны.
A4: Приоритет | B4: Поле | C4: Пример | D4: Зачем нам | E4: Лист шаблона | F4: Как часто
A5: Обязательно | B5: Номер отправки | C5: MC-26-0398 / MSKU1234567 | D5: Связать все события одного груза; поиск в приложении | E5: Отправки | F5: один раз
A6: Обязательно | B6: Тип единицы и количество | C6: Контейнер 40' × 3 | D6: Очередь в порту считается в вагонах и контейнерах | E6: Отправки | F6: один раз
A7: Обязательно | B7: Маршрут по узлам | C7: Сиань → Хоргос → Актау → Баку (Алят) → Поти → Констанца | D7: Знать, что впереди и где ждать погоду | E7: Отправки | F7: один раз
A8: Обязательно | B8: Плановые даты по узлам | C8: Актау: прибытие 28.09 10:00 | D8: Без плана нельзя посчитать задержку и ETA | E8: План по узлам | F8: один раз, при изменении плана
A9: Обязательно | B9: События: что, где, когда | C9: Погружен на паром — Курык — 29.09 14:20 | D9: Основа всего: где груз сейчас | E9: События | F9: по факту, в течение дня
A10: Желательно | B10: Место в очереди на паром | C10: 40 | D10: Прогноз «когда груз выйдет из порта» | E10: События | F10: при изменении, хотя бы раз в сутки
A11: Желательно | B11: Паром (забронирован / погружен) | C11: Barda | D11: ETA морского плеча, связь со штормом | E11: События | F11: по факту
A12: Желательно | B12: Причина стоянки сверх плана | C12: Погода: запрет швартовки | D12: Честная причина в карточке + проверка точности предиктора | E12: События | F12: по факту
A13: Желательно | B13: Категория груза | C13: Опасный (ADR / IMDG) | D13: Опасные и рефы грузят по своим правилам — влияет на очередь | E13: Отправки | F13: один раз
A14: Желательно | B14: Пункт назначения и плановая дата доставки | C14: Констанца, 06.10 | D14: Итоговая задержка для клиента | E14: Отправки | F14: один раз
A15: Бонус | B15: GPS-координаты | C15: 43.65, 51.17 | D15: Подтверждённое положение вместо расчётного (если есть трекер) | E15: События | F15: если есть
... A19: Не нужно | B19: Стоимость груза, ставки | C19: — | D19: Коммерческая тайна, для трекинга не нужна | E19: — | F19: —
A21: Как заполнять шаблон:
A22: • Жёлтые ячейки — для заполнения. Столбцы с * в заголовке обязательны. Серая строка — пример формата, её можно удалить.
A23: • Значения из выпадающих списков (узлы, события, причины) — чтобы мы разбирали таблицу автоматически.
A24: • Время — местное время узла, формат ДД.ММ.ГГГГ ЧЧ:ММ.
A25: • Одна строка на листе «События» = одно событие. Новые события — новыми строками внизу, старые не правим.
A27: Как передавать (что удобнее):
A28: • Общая Google-таблица с доступом на чтение — читаем сами каждые 15–30 минут.
A29: • Этот файл раз в день на почту.
A30: • Наш адрес в копии ваших писем клиентам со статусами.
A31: • API / вебхук — если есть своя система (TMS).
A33: Что даём взамен: закрытая карта ваших грузов, ссылка на груз для клиента, алерты о штормах в портах на пути груза, прогноз выхода из очереди. Данные видите только вы и ваши клиенты.

Sheet Отправки
A1: Отправки — одна строка на отправку, заполняется один раз
A2: Номер отправки * | B2: Номера контейнеров / вагонов | C2: Тип единицы * | D2: Количество * | E2: Категория груза * | F2: Описание груза | G2: Код клиента | H2: Станция отправления * | I2: Пункт назначения * | J2: Маршрут по узлам * | K2: План отправления * | L2: План доставки * | M2: GPS-трекер есть | N2: Контакт ответственного | O2: Комментарий | P2: Событий получено
A3: ваш номер; по нему клиент ищет груз | B3: через запятую | C3: из списка | D3: штук | E3: из списка | F3: общими словами | G3: без имени клиента | H3: из списка | I3: из списка | J3: узлы через → | K3: ДД.ММ.ГГГГ ЧЧ:ММ | L3: ДД.ММ.ГГГГ ЧЧ:ММ | M3: да / нет | N3: кому писать по грузу | P3: считается сам
A4: MC-26-0398 | B4: MSKU1234567, MSKU7654321, TGHU0000001 | C4: Контейнер 40' | D4: 3 | E4: Генеральный | F4: полипропилен | G4: K-017 | H4: Сиань | I4: Констанца | J4: Сиань → Хоргос / Алтынколь → Алматы → Актау → Баку (Алят) → Поти → Констанца | K4: 20.09.2026 10:00 | L4: 06.10.2026 12:00 | M4: нет | N4: Иван, +7 700 000 00 00 | P4: =IF(A4="","",COUNTIF(События!$A$4:$A$4,A4)) -> 1
P5: =IF(A5="","",COUNTIF(События!$A$5:$A$304,A5))
P6: =IF(A6="","",COUNTIF(События!$A$5:$A$304,A6))
P7: =IF(A7="","",COUNTIF(События!$A$5:$A$304,A7))
P8: =IF(A8="","",COUNTIF(События!$A$5:$A$304,A8))
P9: =IF(A9="","",COUNTIF(События!$A$5:$A$304,A9))
P10: =IF(A10="","",COUNTIF(События!$A$5:$A$304,A10))
P11: =IF(A11="","",COUNTIF(События!$A$5:$A$304,A11))
P12: =IF(A12="","",COUNTIF(События!$A$5:$A$304,A12))
P13: =IF(A13="","",COUNTIF(События!$A$5:$A$304,A13))
P14: =IF(A14="","",COUNTIF(События!$A$5:$A$304,A14))
P15: =IF(A15="","",COUNTIF(События!$A$5:$A$304,A15))
P16: =IF(A16="","",COUNTIF(События!$A$5:$A$304,A16))
... P304: =IF(A304="","",COUNTIF(События!$A$5:$A$304,A304))

Sheet План по узлам
A1: План по узлам — по строке на каждый узел маршрута; присылать заново, если план изменился
A2: Номер отправки * | B2: Узел * | C2: План прибытия * | D2: План убытия * | E2: Паром (если морское плечо) | F2: Комментарий
A3: как на листе «Отправки» | B3: из списка | C3: ДД.ММ.ГГГГ ЧЧ:ММ | D3: ДД.ММ.ГГГГ ЧЧ:ММ | E3: имя судна
A4: MC-26-0398 | B4: Актау | C4: 28.09.2026 10:00 | D4: 28.09.2026 22:00 | E4: Barda

Sheet События
A1: События — одна строка = одно событие; новые добавлять внизу, старые не править
A2: Номер отправки * | B2: Узел * | C2: Событие * | D2: Дата и время (местное) * | E2: Место в очереди | F2: Паром | G2: Причина стоянки | H2: Широта | I2: Долгота | J2: Комментарий | K2: Кто сообщил
A3: как на листе «Отправки» | B3: из списка | C3: из списка | D3: ДД.ММ.ГГГГ ЧЧ:ММ | E3: какой по счёту | F3: имя судна | G3: если стоим дольше плана | H3: если есть GPS | I3: если есть GPS | K3: имя или роль
A4: MC-26-0398 | B4: Актау | C4: Встал в очередь на паром | D4: 28.09.2026 15:15 | E4: 40 | F4: Barda | G4: Погода: запрет швартовки / шторм | J4: шторм, швартовка закрыта до утра | K4: диспетчер, Актау

Sheet Сводка порта
A1: Сводка порта — по желанию, раз в день: обстановка в порту (помогает прогнозу очередей для всех грузов)
A2: Дата и время (местное) * | B2: Порт * | C2: Очередь, вагонов | D2: Очередь, контейнеров / трейлеров | E2: Паром ушёл (имя, время) | F2: Следующий паром (имя, ожидается) | G2: Порт закрыт | H2: Причина закрытия | I2: Комментарий | J2: Кто сообщил
A3: ДД.ММ.ГГГГ ЧЧ:ММ | B3: из списка | C3: примерно | D3: примерно | G3: да / нет | H3: из списка | J3: имя или роль
A4: 28.09.2026 18:00 | B4: Актау | C4: 120 | D4: 35 | E4: Barda, 14:00 | F4: Professor Gul, 29.09 утро | G4: да | H4: Погода: запрет швартовки / шторм | I4: ветер 20 м/с, ожидают ослабления к утру | J4: агент, Актау

Sheet Справочники
A1: Узлы | F1: События | I1: Причины стоянки | L1: Категории груза | O1: Типы единиц
A2: Код | B2: Узел | C2: Страна | D2: Тип | F2: Код | G2: Событие | I2: Код | J2: Причина | L2: Код | M2: Категория | O2: Код | P2: Тип
A3: XIAN | B3: Сиань | C3: Китай | D3: станция | F3: departed_origin | G3: Убыл со станции отправления | I3: weather_ban | J3: Погода: запрет швартовки / шторм | L3: general | M3: Генеральный | O3: c20 | P3: Контейнер 20'
A4: URUMQI | B4: Урумчи | C4: Китай | D4: станция | F4: arrived | G4: Прибыл в узел | I4: ferry_wait | J4: Ожидание парома | L4: dangerous | M4: Опасный (ADR / IMDG) | O4: c40 | P4: Контейнер 40'
A5: KHORGOS | B5: Хоргос / Алтынколь | C5: Казахстан | D5: граница, перегруз 1435→1520 | F5: gauge_change_done | G5: Перегруз на колею 1520 завершён | I5: port_congestion | J5: Загрузка порта / очередь | L5: reefer | M5: Рефрижератор | O5: c40hc | P5: Контейнер 40' HC
A6: ALMATY | B6: Алматы | C6: Казахстан | D6: станция | F6: customs_started | G6: Таможня: начато оформление | I6: customs_wait | J6: Таможня, досмотр | L6: oversize | M6: Негабарит | O6: wagon | P6: Вагон
A7: SHYMKENT | B7: Шымкент | C7: Казахстан | D7: станция | F7: customs_cleared | G7: Таможня: выпуск | I7: documents | J7: Документы | L7: bulk | M7: Навалочный / наливной | O7: trailer | P7: Трейлер / ро-ро
A8: KYZYLORDA | B8: Кызылорда | C8: Казахстан | D8: станция | F8: queued | G8: Встал в очередь на паром | I8: no_wagons | J8: Нет вагонов / платформ
A9: BEINEU | B9: Бейнеу | C9: Казахстан | D9: станция | F9: loaded_on_vessel | G9: Погружен на паром | I9: technical | J9: Техническая неисправность
A10: AKTAU | B10: Актау | C10: Казахстан | D10: порт | F10: vessel_departed | G10: Паром вышел из порта | I10: other | J10: Другое (в комментарии)
A11: KURYK | B11: Курык | C11: Казахстан | D11: порт | F11: unloaded | G11: Выгружен с парома
A12: BAKU_ALAT | B12: Баку (Алят) | C12: Азербайджан | D12: порт | F12: hold | G12: Стоянка сверх плана (указать причину)
A13: GANJA | B13: Гянджа | C13: Азербайджан | D13: станция | F13: departed | G13: Убыл из узла
A14: BOYUK_KASIK | B14: Бёюк-Кясик / Гардабани | C14: Азербайджан / Грузия | D14: граница | F14: delivered | G14: Доставлен получателю
A15: TBILISI | B15: Тбилиси | C15: Грузия | D15: станция
A16: POTI | B16: Поти | C16: Грузия | D16: порт
A17: BATUMI | B17: Батуми | C17: Грузия | D17: порт
A18: CONSTANTA | B18: Констанца | C18: Румыния | D18: порт
A19: BUCHAREST | B19: Бухарест | C19: Румыния | D19: станция
A20: BUDAPEST | B20: Будапешт | C20: Венгрия | D20: станция
A25: Коды нужны нам для автоматического разбора; заполнять можно русскими названиями из выпадающих списков.
